Latency analysis with preference settings: asynchronous system/major partition frame/worst case as deadline/best case as empty queue

Latency results for end-to-end flow 'Functional.f_etef1' of system 'Crazyflie_Final.impl',

Result,Min Specified,Min Actual,Min Method,Max Specified,Max Actual,Max Method,Comments,
abstract Functional.Gyro,,0.0ms,first sampling,,0.0ms,first sampling,
abstract Functional.Gyro,0.1ms,0.1ms,specified,0.3ms,0.3ms,specified,
connection Gyro.Gyro_Out -> Fusion.Gyro_In,,0.0ms,no latency,,0.0ms,no latency,
abstract Functional.Fusion,,0.0ms,sampling,,5.0ms,sampling,Best case 0 ms worst case 5.0ms (period) sampling delay,
abstract Functional.Fusion,0.1ms,1.0ms,processing time,0.2ms,3.0ms,deadline,Max: actual latency exceeds max flow latency,Min: actual latency exceeds min flow latency,
connection Fusion.Data_F_Out -> Controller.Data_F_In,,0.0ms,no latency,,0.0ms,no latency,
abstract Functional.Controller,,0.0ms,sampling,,10.0ms,sampling,Best case 0 ms worst case 10.0ms (period) sampling delay,
abstract Functional.Controller,0.1ms,1.0ms,processing time,0.2ms,5.0ms,deadline,Max: actual latency exceeds max flow latency,Min: actual latency exceeds min flow latency,
connection Controller.Motor_Out -> Motors.Motor_In,,0.0ms,no latency,,0.0ms,no latency,
abstract Functional.Motors,,0.0ms,sampling,,20.0ms,sampling,Best case 0 ms worst case 20.0ms (period) sampling delay,
abstract Functional.Motors,0.1ms,0.1ms,specified,0.5ms,0.5ms,specified,
Latency Total,0.4ms,2.2ms,,1.2ms,43.8ms,,
Specified End To End Latency,,0.0ms,,,20.0ms,,
End to end Latency Summary,
INFO,Minimum actual latency total 2.20ms is greater or equal to expected minimum end to end latency 0.000ms,
ERROR,Maximum actual latency total 43.8ms exceeds expected maximum end to end latency 20.0ms,
WARNING,Jitter of actual latency total 2.20..43.8ms exceeds expected end to end latency jitter 0.000..20.0ms,



Latency results for end-to-end flow 'Functional.f_etef1bis' of system 'Crazyflie_Final.impl',

Result,Min Specified,Min Actual,Min Method,Max Specified,Max Actual,Max Method,Comments,
abstract Functional.Gyro,,0.0ms,first sampling,,0.0ms,first sampling,
abstract Functional.Gyro,0.1ms,0.1ms,specified,0.3ms,0.3ms,specified,
connection Gyro.Gyro_Out -> Controller.Gyro_In,,0.0ms,no latency,,0.0ms,no latency,
abstract Functional.Controller,,0.0ms,sampling,,10.0ms,sampling,Best case 0 ms worst case 10.0ms (period) sampling delay,
abstract Functional.Controller,0.1ms,1.0ms,processing time,0.2ms,5.0ms,deadline,Max: actual latency exceeds max flow latency,Min: actual latency exceeds min flow latency,
connection Controller.Motor_Out -> Motors.Motor_In,,0.0ms,no latency,,0.0ms,no latency,
abstract Functional.Motors,,0.0ms,sampling,,20.0ms,sampling,Best case 0 ms worst case 20.0ms (period) sampling delay,
abstract Functional.Motors,0.1ms,0.1ms,specified,0.5ms,0.5ms,specified,
Latency Total,0.3ms,1.2ms,,1.0ms,35.8ms,,
Specified End To End Latency,,0.0ms,,,2.0ms,,
End to end Latency Summary,
INFO,Minimum actual latency total 1.20ms is greater or equal to expected minimum end to end latency 0.000ms,
ERROR,Maximum actual latency total 35.8ms exceeds expected maximum end to end latency 2.00ms,
WARNING,Jitter of actual latency total 1.20..35.8ms exceeds expected end to end latency jitter 0.000..2.00ms,



Latency results for end-to-end flow 'Functional.f_etef2' of system 'Crazyflie_Final.impl',

Result,Min Specified,Min Actual,Min Method,Max Specified,Max Actual,Max Method,Comments,
abstract Functional.Acc,,0.0ms,first sampling,,0.0ms,first sampling,
abstract Functional.Acc,0.1ms,0.1ms,specified,0.3ms,0.3ms,specified,
connection Acc.Accelero_Out -> Fusion.Accelero_In,,0.0ms,no latency,,0.0ms,no latency,
abstract Functional.Fusion,,0.0ms,sampling,,5.0ms,sampling,Best case 0 ms worst case 5.0ms (period) sampling delay,
abstract Functional.Fusion,0.1ms,1.0ms,processing time,0.2ms,3.0ms,deadline,Max: actual latency exceeds max flow latency,Min: actual latency exceeds min flow latency,
connection Fusion.Data_F_Out -> Controller.Data_F_In,,0.0ms,no latency,,0.0ms,no latency,
abstract Functional.Controller,,0.0ms,sampling,,10.0ms,sampling,Best case 0 ms worst case 10.0ms (period) sampling delay,
abstract Functional.Controller,0.1ms,1.0ms,processing time,0.2ms,5.0ms,deadline,Max: actual latency exceeds max flow latency,Min: actual latency exceeds min flow latency,
connection Controller.Motor_Out -> Motors.Motor_In,,0.0ms,no latency,,0.0ms,no latency,
abstract Functional.Motors,,0.0ms,sampling,,20.0ms,sampling,Best case 0 ms worst case 20.0ms (period) sampling delay,
abstract Functional.Motors,0.1ms,0.1ms,specified,0.5ms,0.5ms,specified,
Latency Total,0.4ms,2.2ms,,1.2ms,43.8ms,,
Specified End To End Latency,,0.0ms,,,20.0ms,,
End to end Latency Summary,
INFO,Minimum actual latency total 2.20ms is greater or equal to expected minimum end to end latency 0.000ms,
ERROR,Maximum actual latency total 43.8ms exceeds expected maximum end to end latency 20.0ms,
WARNING,Jitter of actual latency total 2.20..43.8ms exceeds expected end to end latency jitter 0.000..20.0ms,



Latency results for end-to-end flow 'Actual.etef1' of system 'Crazyflie_Final.impl',

Result,Min Specified,Min Actual,Min Method,Max Specified,Max Actual,Max Method,Comments,
device Actual.MPU9250,,0.0ms,first sampling,,0.0ms,first sampling,
device Actual.MPU9250,0.2ms,0.2ms,specified,0.5ms,0.5ms,specified,
connection MPU9250.DOF6 -> STM32F405_Firmware.Main_Loop.DOFs,,0.0ms,no latency,,0.0ms,no latency,
thread Actual.STM32F405_Firmware.Main_Loop,,0.0ms,sampling,,2.0ms,sampling,Best case 0 ms worst case 2.0ms (period) sampling delay,
thread Actual.STM32F405_Firmware.Main_Loop,,0.1ms,processing time,,0.2ms,processing time,Using execution time as deadline was not set,
connection STM32F405_Firmware.Main_Loop.Rate_1 -> M1.rate,,0.0ms,no latency,,0.0ms,no latency,
device Actual.M1,,0.0ms,queued,,0.0ms,queued,Data port as queue size 1 for sporadic, aperiodic, timed dispatch,Sporadic or periodic has period delay per queue element,Assume best case empty queue,
device Actual.M1,0.1ms,0.1ms,specified,0.1ms,0.1ms,specified,
Latency Total,0.3ms,0.4ms,,0.6ms,2.8ms,,
Specified End To End Latency,,0.0ms,,,2.0ms,,
End to end Latency Summary,
INFO,Minimum actual latency total 0.400ms is greater or equal to expected minimum end to end latency 0.000ms,
ERROR,Maximum actual latency total 2.80ms exceeds expected maximum end to end latency 2.00ms,
WARNING,Jitter of actual latency total 0.400..2.80ms exceeds expected end to end latency jitter 0.000..2.00ms,



Latency results for end-to-end flow 'Actual.etef2' of system 'Crazyflie_Final.impl',

Result,Min Specified,Min Actual,Min Method,Max Specified,Max Actual,Max Method,Comments,
process Actual.nRF51822_Firmware,1.0ms,1.0ms,specified,2.0ms,2.0ms,specified,
connection nRF51822_Firmware.Syslink_Packet_TX -> STM32F405_Firmware.CRTP_Rx_Task.Msg,,0.0ms,no latency,,0.0ms,no latency,
thread Actual.STM32F405_Firmware.CRTP_Rx_Task,,0.0ms,queued,,1.0ms,queued,Data port as queue size 1 for sporadic, aperiodic, timed dispatch,Sporadic or periodic has period delay per queue element,Assume best case empty queue,
thread Actual.STM32F405_Firmware.CRTP_Rx_Task,,0.01ms,processing time,,0.05ms,processing time,Using execution time as deadline was not set,
connection CRTP_Rx_Task.Syslink_Packet -> Main_Loop.Syslink_Packet_Rx,,0.0ms,no latency,,0.0ms,no latency,
thread Actual.STM32F405_Firmware.Main_Loop,,0.0ms,sampling,,2.0ms,sampling,Max: Worst case: Round up sampling delay to period 2.0ms,
thread Actual.STM32F405_Firmware.Main_Loop,,0.1ms,processing time,,0.2ms,processing time,Using execution time as deadline was not set,
connection STM32F405_Firmware.Main_Loop.Rate_1 -> M1.rate,,0.0ms,no latency,,0.0ms,no latency,
device Actual.M1,,0.0ms,queued,,0.0ms,queued,Data port as queue size 1 for sporadic, aperiodic, timed dispatch,Sporadic or periodic has period delay per queue element,Assume best case empty queue,
device Actual.M1,0.1ms,0.1ms,specified,0.1ms,0.1ms,specified,
Latency Total,1.1ms,1.21ms,,2.1ms,5.35ms,,
Specified End To End Latency,,0.0ms,,,2.0ms,,
End to end Latency Summary,
INFO,Minimum actual latency total 1.21ms is greater or equal to expected minimum end to end latency 0.000ms,
ERROR,Maximum specified flow latency total 2.10ms exceeds expected maximum end to end latency 2.00ms,
ERROR,Maximum actual latency total 5.35ms exceeds expected maximum end to end latency 2.00ms,
WARNING,Jitter of actual latency total 1.21..5.35ms exceeds expected end to end latency jitter 0.000..2.00ms,



