Latency analysis with preference settings: asynchronous system/major partition frame/worst case as deadline/best case as empty queue

Latency results for end-to-end flow 'f_etef1' of system 'Crazyflie_Functional_Chain.impl',

Result,Min Specified,Min Actual,Min Method,Max Specified,Max Actual,Max Method,Comments,
abstract Gyro,,0.0ms,first sampling,,0.0ms,first sampling,
abstract Gyro,0.1ms,0.1ms,specified,0.3ms,0.3ms,specified,
connection Gyro.Gyro_Out -> Fusion.Gyro_In,,0.0ms,no latency,,0.0ms,no latency,
abstract Fusion,,0.0ms,sampling,,4.0ms,sampling,Best case 0 ms worst case 4.0ms (period) sampling delay,
abstract Fusion,0.2ms,0.2ms,specified,0.4ms,0.4ms,specified,
connection Fusion.Data_F_Out -> Controller.Data_F_In,,0.0ms,no latency,,0.0ms,no latency,
abstract Controller,,0.0ms,sampling,,2.0ms,sampling,Best case 0 ms worst case 2.0ms (period) sampling delay,
abstract Controller,0.2ms,0.2ms,specified,0.4ms,0.4ms,specified,
connection Controller.Motor_Out -> Motors.Motor_In,,0.0ms,no latency,,0.0ms,no latency,
abstract Motors,,0.0ms,sampling,,2.0ms,sampling,Best case 0 ms worst case 2.0ms (period) sampling delay,
abstract Motors,0.1ms,0.1ms,specified,0.5ms,0.5ms,specified,
Latency Total,0.6ms,0.6ms,,1.6ms,9.6ms,,
Specified End To End Latency,,0.0ms,,,2.0ms,,
End to end Latency Summary,
INFO,Minimum actual latency total 0.600ms is greater or equal to expected minimum end to end latency 0.000ms,
ERROR,Maximum actual latency total 9.60ms exceeds expected maximum end to end latency 2.00ms,
WARNING,Jitter of actual latency total 0.600..9.60ms exceeds expected end to end latency jitter 0.000..2.00ms,



Latency results for end-to-end flow 'f_etef1bis' of system 'Crazyflie_Functional_Chain.impl',

Result,Min Specified,Min Actual,Min Method,Max Specified,Max Actual,Max Method,Comments,
abstract Gyro,,0.0ms,first sampling,,0.0ms,first sampling,
abstract Gyro,0.1ms,0.1ms,specified,0.3ms,0.3ms,specified,
connection Gyro.Gyro_Out -> Controller.Gyro_In,,0.0ms,no latency,,0.0ms,no latency,
abstract Controller,,0.0ms,sampling,,2.0ms,sampling,Best case 0 ms worst case 2.0ms (period) sampling delay,
abstract Controller,0.2ms,0.2ms,specified,0.4ms,0.4ms,specified,
connection Controller.Motor_Out -> Motors.Motor_In,,0.0ms,no latency,,0.0ms,no latency,
abstract Motors,,0.0ms,sampling,,2.0ms,sampling,Best case 0 ms worst case 2.0ms (period) sampling delay,
abstract Motors,0.1ms,0.1ms,specified,0.5ms,0.5ms,specified,
Latency Total,0.4ms,0.4ms,,1.2ms,5.2ms,,
Specified End To End Latency,,0.0ms,,,2.0ms,,
End to end Latency Summary,
INFO,Minimum actual latency total 0.400ms is greater or equal to expected minimum end to end latency 0.000ms,
ERROR,Maximum actual latency total 5.20ms exceeds expected maximum end to end latency 2.00ms,
WARNING,Jitter of actual latency total 0.400..5.20ms exceeds expected end to end latency jitter 0.000..2.00ms,



Latency results for end-to-end flow 'f_etef2' of system 'Crazyflie_Functional_Chain.impl',

Result,Min Specified,Min Actual,Min Method,Max Specified,Max Actual,Max Method,Comments,
abstract Acc,,0.0ms,first sampling,,0.0ms,first sampling,
abstract Acc,0.1ms,0.1ms,specified,0.3ms,0.3ms,specified,
connection Acc.Accelero_Out -> Fusion.Accelero_In,,0.0ms,no latency,,0.0ms,no latency,
abstract Fusion,,0.0ms,sampling,,4.0ms,sampling,Best case 0 ms worst case 4.0ms (period) sampling delay,
abstract Fusion,0.2ms,0.2ms,specified,0.4ms,0.4ms,specified,
connection Fusion.Data_F_Out -> Controller.Data_F_In,,0.0ms,no latency,,0.0ms,no latency,
abstract Controller,,0.0ms,sampling,,2.0ms,sampling,Best case 0 ms worst case 2.0ms (period) sampling delay,
abstract Controller,0.2ms,0.2ms,specified,0.4ms,0.4ms,specified,
connection Controller.Motor_Out -> Motors.Motor_In,,0.0ms,no latency,,0.0ms,no latency,
abstract Motors,,0.0ms,sampling,,2.0ms,sampling,Best case 0 ms worst case 2.0ms (period) sampling delay,
abstract Motors,0.1ms,0.1ms,specified,0.5ms,0.5ms,specified,
Latency Total,0.6ms,0.6ms,,1.6ms,9.6ms,,
Specified End To End Latency,,0.0ms,,,2.0ms,,
End to end Latency Summary,
INFO,Minimum actual latency total 0.600ms is greater or equal to expected minimum end to end latency 0.000ms,
ERROR,Maximum actual latency total 9.60ms exceeds expected maximum end to end latency 2.00ms,
WARNING,Jitter of actual latency total 0.600..9.60ms exceeds expected end to end latency jitter 0.000..2.00ms,



